"const_id","const_name","elected_mp_party","elected_mp_party_name","elected_mp_name","elected_mp_votes","majority","valid","invalid","electorate","turnout_pct","ge17_party","ge17_majority","ge17_turnout"
"E14000530","Aldershot","Con","Conservative and Unionist Party","Leo Docherty",27980,16698,47932,,72617,66,"Con",11473,64.4
"E14000531","Aldridge-Brownhills","Con","Conservative and Unionist Party","Wendy Morton",27850,19836,39342,,60138,65.4,"Con",14307,66.8
"E14000532","Altrincham and Sale West","Con","Conservative and Unionist Party","Graham Brady",26311,6139,54763,,73146,74.9,"Con",6426,72.3
"E14000533","Amber Valley","Con","Conservative and Unionist Party","Nigel Mills",29096,16886,45567,,69976,65.1,"Con",8300,67.5
"E14000534","Arundel and South Downs","Con","Conservative and Unionist Party","Andrew Griffith",35566,22521,61408,,,,"Con",23883,76
"E14000535","Ashfield","Con","Conservative and Unionist Party","Lee Anderson",19231,5733,48980,,78204,62.6,"Lab",441,64.1
"E14000536","Ashford","Con","Conservative and Unionist Party","Damian Green",37270,24029,60059,,89550,67.1,"Con",17478,68.7
"E14000537","Ashton-under-Lyne","Lab","Labour Party","Angela Rayner",18544,4263,38579,,67978,56.8,"Lab",11295,58.9
"E14000538","Aylesbury","Con","Conservative and Unionist Party","Rob Butler",32737,17373,60576,,,,"Con",14656,71.4
"E14000539","Banbury","Con","Conservative and Unionist Party","Victoria Prentis",34148,16813,62921,,90113,69.8,"Con",12399,73.6
"E14000540","Barking","Lab","Labour Party","Margaret Hodge",27219,15427,44499,,77946,57.1,"Lab",21608,62
"E14000541","Barnsley Central","Lab","Labour Party","Dan Jarvis",14804,3571,36903,,65277,56.5,"Lab",15546,61
"E14000542","Barnsley East","Lab","Labour Party","Stephanie Peacock",14329,3217,38070,,69504,54.8,"Lab",13283,59
"E14000543","Barrow and Furness","Con","Conservative and Unionist Party","Simon Fell",23876,5789,46046,,,,"Lab",209,68.6
"E14000544","Basildon and Billericay","Con","Conservative and Unionist Party","John Baron",29590,20412,44128,,69906,63.1,"Con",13400,65.1
"E14000545","Basingstoke","Con","Conservative and Unionist Party","Maria Miller",29593,14198,54713,,82926,66,"Con",9466,68.5
"E14000546","Bassetlaw","Con","Conservative and Unionist Party","Brendan Clarke-Smith",28078,14013,50841,,80035,63.5,"Lab",4852,66.7
"E14000547","Bath","LD","Liberal Democrats","Wera Hobhouse",28419,12322,52138,,67752,77,"LD",5694,74.4
"E14000548","Batley and Spen","Lab","Labour and Co-operative Party","Tracy Brabin",22594,3525,52927,,79558,66.5,"Lab",8961,67.2
"E14000549","Battersea","Lab","Labour Party","Marsha de Cordova",27290,5668,59977,,79309,75.6,"Lab",2416,71.1
"E14000550","Beaconsfield","Con","Conservative and Unionist Party","Joy Morrissey",32477,15712,57868,,77720,74.5,"Con",24543,72.4
"E14000551","Beckenham","Con","Conservative and Unionist Party","Bob Stewart",27282,14258,50555,,68671,73.6,"Con",15087,76.3
"E14000552","Bedford","Lab","Labour Party","Mohammad Yasin",20491,145,47301,,71579,66.1,"Lab",789,67.7
"E14000553","Bermondsey and Old Southwark","Lab","Labour Party","Neil Coyle",31723,16126,58615,,,,"Lab",12972,67.2
"E14000554","Berwick-upon-Tweed","Con","Conservative and Unionist Party","Anne-Marie Trevelyan",23947,14835,42109,,,,"Con",11781,71.9
"E14000555","Bethnal Green and Bow","Lab","Labour Party","Rushanara Ali",44052,37524,60562,,88169,68.7,"Lab",35393,69.8
"E14000556","Beverley and Holderness","Con","Conservative and Unionist Party","Graham Stuart",33250,20448,53542,,,,"Con",14042,69.2
"E14000557","Bexhill and Battle","Con","Conservative and Unionist Party","Huw Merriman",37590,26059,59093,,,,"Con",22165,73.2
"E14000558","Bexleyheath and Crayford","Con","Conservative and Unionist Party","David Evennett",25856,13103,43246,,65466,66.1,"Con",9073,69.3
"E14000559","Birkenhead","Lab","Labour Party","Mick Whitley",24990,17705,42329,,63762,66.4,"Lab",25514,67.9
"E14000560","Birmingham, Edgbaston","Lab","Labour and Co-operative Party","Preet Kaur Gill",21217,5614,42328,,68828,61.5,"Lab",6917,64.2
"E14000561","Birmingham, Erdington","Lab","Labour Party","Jack Dromey",17720,3601,35229,,66148,53.3,"Lab",7285,57.4
"E14000562","Birmingham, Hall Green","Lab","Labour Party","Tahir Ali",35889,28508,52911,,80283,65.9,"Lab",33944,69.6
"E14000563","Birmingham, Hodge Hill","Lab","Labour Party","Liam Byrne",35397,28655,45003,,78295,57.5,"Lab",31026,61.5
"E14000564","Birmingham, Ladywood","Lab","Labour Party","Shabana Mahmood",33355,28582,42118,,74912,56.2,"Lab",28714,59.2
"E14000565","Birmingham, Northfield","Con","Conservative and Unionist Party","Gary Sambrook",19957,1640,43098,,73694,58.5,"Lab",4667,61.5
"E14000566","Birmingham, Perry Barr","Lab","Labour Party","Khalid Mahmood",26594,15317,42147,,72006,58.5,"Lab",18383,63.3
"E14000567","Birmingham, Selly Oak","Lab","Labour Party","Steve McCabe",27714,12414,49467,,74926,66,"Lab",15207,66.1
"E14000568","Birmingham, Yardley","Lab","Labour Party","Jess Phillips",23379,10659,42678,,74704,57.1,"Lab",16574,61.5
"E14000569","Bishop Auckland","Con","Conservative and Unionist Party","Dehenna Davison",24067,7962,44805,,68170,65.7,"Lab",502,64.1
"E14000570","Blackburn","Lab","Labour Party","Kate Hollern",29040,18304,44736,,71228,62.8,"Lab",20368,67.5
"E14000571","Blackley and Broughton","Lab","Labour Party","Graham Stringer",23887,14402,38618,,73372,52.6,"Lab",19601,56.1
"E14000572","Blackpool North and Cleveleys","Con","Conservative and Unionist Party","Paul Maynard",22364,8596,38804,,,,"Con",2023,64.2
"E14000573","Blackpool South","Con","Conservative and Unionist Party","Scott Lloyd Benton",16247,3690,32752,,,,"Lab",2523,59.9
"E14000574","Blaydon","Lab","Labour Party","Liz Twist",19794,5531,45681,,67853,67.3,"Lab",13477,70.3
"E14000575","Blyth Valley","Con","Conservative and Unionist Party","Ian Levy",17440,712,40859,,,,"Lab",7915,67.1
"E14000576","Bognor Regis and Littlehampton","Con","Conservative and Unionist Party","Nick Gibb",32521,22503,51223,,77488,66.1,"Con",17494,67.9
"E14000577","Bolsover","Con","Conservative and Unionist Party","Mark Fletcher",21791,5299,45938,,75157,61.1,"Lab",5288,63.5
"E14000578","Bolton North East","Con","Conservative and Unionist Party","Mark Logan",19759,378,43556,,67564,64.5,"Lab",3797,67.3
"E14000579","Bolton South East","Lab","Labour Party","Yasmin Qureshi",21516,7598,40604,,69163,58.7,"Lab",13126,61.6
"E14000580","Bolton West","Con","Conservative and Unionist Party","Chris Green",27255,8855,49298,,73191,67.4,"Con",936,70.2
"E14000581","Bootle","Lab","Labour Party","Peter Dowd",39066,34556,49174,,74832,65.7,"Lab",36200,69.2
"E14000582","Boston and Skegness","Con","Conservative and Unionist Party","Matt Warman",31963,25621,41696,,,,"Con",16572,62.8
"E14000583","Bosworth","Con","Conservative and Unionist Party","Luke Evans",36056,26278,56432,,81537,69.2,"Con",18351,68.9
"E14000584","Bournemouth East","Con","Conservative and Unionist Party","Tobias Ellwood",24926,8806,49274,,74127,66.5,"Con",7937,65.3
"E14000585","Bournemouth West","Con","Conservative and Unionist Party","Conor Burns",24550,10150,45977,,74211,62,"Con",7711,61
"E14000586","Bracknell","Con","Conservative and Unionist Party","James Sunderland",31894,19829,54350,,,,"Con",16016,70.8
"E14000587","Bradford East","Lab","Labour Party","Imran Hussain",27825,18144,44184,,73206,60.4,"Lab",20540,64.9
"E14000588","Bradford South","Lab","Labour Party","Judith Cummins",18390,2346,39741,,69046,57.6,"Lab",6700,60.7
"E14000589","Bradford West","Lab","Labour Party","Naz Shah",33736,27019,44261,,70694,62.6,"Lab",21902,67.7
"E14000590","Braintree","Con","Conservative and Unionist Party","James Cleverly",34112,24673,50499,,75208,67.1,"Con",18422,69.6
"E14000591","Brent Central","Lab","Labour Party","Dawn Butler",31779,20870,49132,,84204,58.3,"Lab",27997,65.2
"E14000592","Brent North","Lab","Labour Party","Barry Gardiner",26911,8079,51879,,83772,61.9,"Lab",17061,68.6
"E14000593","Brentford and Isleworth","Lab","Labour Party","Ruth Cadbury",29266,10514,58326,,,,"Lab",12182,72.5
"E14000594","Brentwood and Ongar","Con","Conservative and Unionist Party","Alex Burghart",36308,29065,47406,,,,"Con",24002,70.6
"E14000595","Bridgwater and West Somerset","Con","Conservative and Unionist Party","Ian Liddell-Grainger",35827,24439,57652,,,,"Con",15448,65.4
"E14000596","Brigg and Goole","Con","Conservative and Unionist Party","Andrew Percy",30941,21941,43402,,65939,65.8,"Con",12363,68.3
"E14000597","Brighton, Kemptown","Lab","Labour and Co-operative Party","Lloyd Russell-Moyle",25033,8061,48533,,69833,69.5,"Lab",9868,72.7
"E14000598","Brighton, Pavilion","Green","Green Party","Caroline Lucas",33151,19940,57998,,79057,73.4,"Green",14699,76.6
"E14000599","Bristol East","Lab","Labour Party","Kerry McCarthy",27717,10794,52154,,73867,70.6,"Lab",13394,70.3
"E14000600","Bristol North West","Lab","Labour Party","Darren Jones",27330,5692,55885,,76273,73.3,"Lab",4761,71.9
"E14000601","Bristol South","Lab","Labour Party","Karin Smyth",27895,9859,55196,,84079,65.6,"Lab",15987,65.6
"E14000602","Bristol West","Lab","Labour Party","Thangam Debbonaire",47028,28219,75528,,99253,76.1,"Lab",37336,77.2
"E14000603","Broadland","Con","Conservative and Unionist Party","Jerome Mayhew",33934,21861,56977,,78151,72.9,"Con",15816,72.5
"E14000604","Bromley and Chislehurst","Con","Conservative and Unionist Party","Bob Neill",23958,10891,45566,,66711,68.3,"Con",9590,71.8
"E14000605","Bromsgrove","Con","Conservative and Unionist Party","Sajid Javid",34408,23106,54272,,,,"Con",16573,73.7
"E14000606","Broxbourne","Con","Conservative and Unionist Party","Charles Walker",30631,19807,46706,,,,"Con",15792,64.7
"E14000607","Broxtowe","Con","Conservative and Unionist Party","Darren George Henry",26602,5331,55272,,73052,75.7,"Con",863,75.2
"E14000608","Buckingham","Con","Conservative and Unionist Party","Greg Smith",37035,20411,63458,,,,"Spk",25725,68.6
"E14000609","Burnley","Con","Conservative and Unionist Party","Antony Higginbotham",15720,1352,38984,,64343,60.6,"Lab",6353,62.4
"E14000610","Burton","Con","Conservative and Unionist Party","Kate Griffiths",29560,14496,48738,,,,"Con",10047,67.7
"E14000611","Bury North","Con","Conservative and Unionist Party","James Daly",21660,105,46841,,68802,68.1,"Lab",4375,71.1
"E14000612","Bury South","Con","Conservative and Unionist Party","Christian Wakeford",22034,402,50274,,75152,66.9,"Lab",5965,69.3
"E14000613","Bury St Edmunds","Con","Conservative and Unionist Party","Jo Churchill",37770,24988,61957,,,,"Con",18441,72.4
"E14000614","Calder Valley","Con","Conservative and Unionist Party","Craig Whittaker",29981,5774,57793,,79287,72.9,"Con",609,73.6
"E14000615","Camberwell and Peckham","Lab","Labour Party","Harriet Harman",40258,33780,56492,,,,"Lab",37316,67.3
"E14000616","Camborne and Redruth","Con","Conservative and Unionist Party","George Eustice",26764,8700,50367,,70250,71.7,"Con",1577,71
"E14000617","Cambridge","Lab","Labour Party","Daniel Zeichner",25776,9639,53729,,79951,67.2,"Lab",12661,71.4
"E14000618","Cannock Chase","Con","Conservative and Unionist Party","Amanda Milling",31636,19879,46313,,,,"Con",8391,64.3
"E14000619","Canterbury","Lab","Labour Party","Rosie Duffield",29018,1836,60113,,80203,75,"Lab",187,72.9
"E14000620","Carlisle","Con","Conservative and Unionist Party","John Stevenson",23659,8319,42873,,,,"Con",2599,69.3
"E14000621","Carshalton and Wallington","Con","Conservative and Unionist Party","Elliot Colburn",20822,629,49098,,72926,67.3,"LD",1369,71.8
"E14000622","Castle Point","Con","Conservative and Unionist Party","Rebecca Harris",33971,26634,44277,,,,"Con",18872,64.5
"E14000623","Central Devon","Con","Conservative and Unionist Party","Mel Stride",32095,17721,58072,,82665,70.2,"Con",15680,77.9
"E14000624","Central Suffolk and North Ipswich","Con","Conservative and Unionist Party","Daniel Poulter",35253,23391,56250,,,,"Con",17185,72.5
"E14000625","Charnwood","Con","Conservative and Unionist Party","Edward Argar",35121,22397,55365,,,,"Con",16341,70.8
"E14000626","Chatham and Aylesford","Con","Conservative and Unionist Party","Tracey Crouch",28856,18540,43340,,73305,59.1,"Con",10458,63.9
"E14000627","Cheadle","Con","Conservative and Unionist Party","Mary Robinson",25694,2336,55903,,,,"Con",4507,74.5
"E14000628","Chelmsford","Con","Conservative and Unionist Party","Vicky Ford",31934,17621,57122,,,,"Con",13572,70.3
"E14000629","Chelsea and Fulham","Con","Conservative and Unionist Party","Greg Hands",23345,11241,46821,,67110,69.8,"Con",8188,66.3
"E14000630","Cheltenham","Con","Conservative and Unionist Party","Alex Chalk",28486,981,59357,,81043,73.2,"Con",2569,72.4
"E14000631","Chesham and Amersham","Con","Conservative and Unionist Party","Cheryl Gillan",30850,16223,55685,,72542,76.8,"Con",22140,77.3
"E14000632","Chesterfield","Lab","Labour Party","Toby Perkins",18171,1451,45186,,71030,63.6,"Lab",9605,66.6
"E14000633","Chichester","Con","Conservative and Unionist Party","Gillian Keegan",35402,21490,61243,,85499,71.6,"Con",22621,70.7
"E14000634","Chingford and Woodford Green","Con","Conservative and Unionist Party","Iain Duncan Smith",23481,1262,48444,,65393,74.1,"Con",2438,71.5
"E14000635","Chippenham","Con","Conservative and Unionist Party","Michelle Donelan",30994,11288,57099,,,,"Con",16630,75
"E14000636","Chipping Barnet","Con","Conservative and Unionist Party","Theresa Villiers",25745,1212,57569,,,,"Con",353,72
"E14000637","Chorley","Spk","Speaker seeking re-election","Lindsay Hoyle",26831,17392,39870,,,,"Lab",7512,73
"E14000638","Christchurch","Con","Conservative and Unionist Party","Christopher Chope",33894,24617,51951,,71521,72.6,"Con",25171,72.2
"E14000639","Cities of London and Westminster","Con","Conservative and Unionist Party","Nickie Aiken",17049,3953,42723,,63700,67.1,"Con",3148,63
"E14000640","City of Chester","Lab","Labour Party","Chris Matheson",27082,6164,54560,,76057,71.7,"Lab",9176,77.6
"E14000641","City of Durham","Lab","Labour Party","Mary Foy",20531,5025,48859,,71271,68.6,"Lab",12364,68.1
"E14000642","Clacton","Con","Conservative and Unionist Party","Giles Watling",31438,24702,43506,,70930,61.3,"Con",15828,63.8
"E14000643","Cleethorpes","Con","Conservative and Unionist Party","Martin Vickers",31969,21418,46339,,73689,62.9,"Con",10400,65.9
"E14000644","Colchester","Con","Conservative and Unionist Party","Will Quince",26917,9423,53373,,82625,64.6,"Con",5677,67.1
"E14000645","Colne Valley","Con","Conservative and Unionist Party","Jason McCartney",29482,5103,60910,,84174,72.4,"Lab",915,71.8
"E14000646","Congleton","Con","Conservative and Unionist Party","Fiona Bruce",33747,18561,57233,,80930,70.7,"Con",12619,73.4
"E14000647","Copeland","Con","Conservative and Unionist Party","Trudy Harrison",22856,5842,42523,,61693,68.9,"Con",1695,69.7
"E14000648","Corby","Con","Conservative and Unionist Party","Tom Pursglove",33410,10268,60484,,86151,70.2,"Con",2690,72.4
"E14000649","Coventry North East","Lab","Labour Party","Colleen Fletcher",23412,7692,44444,,,,"Lab",15580,61.6
"E14000650","Coventry North West","Lab","Labour Party","Taiwo Owatemi",20918,208,47744,,,,"Lab",8580,66.4
"E14000651","Coventry South","Lab","Labour Party","Zarah Sultana",19544,401,45044,,,,"Lab",7947,66.6
"E14000652","Crawley","Con","Conservative and Unionist Party","Henry Smith",27040,8360,49899,,74207,67.2,"Con",2457,68.7
"E14000653","Crewe and Nantwich","Con","Conservative and Unionist Party","Kieran John Mullan",28704,8508,54032,,80321,67.3,"Lab",48,69.9
"E14000654","Croydon Central","Lab","Labour Party","Sarah Jones",27124,5949,54045,,81410,66.4,"Lab",5652,71.5
"E14000655","Croydon North","Lab","Labour and Co-operative Party","Steve Reed",36495,24673,55609,,88466,62.9,"Lab",32365,68.3
"E14000656","Croydon South","Con","Conservative and Unionist Party","Chris Philp",30985,12339,59358,,83977,70.7,"Con",11406,73.5
"E14000657","Dagenham and Rainham","Lab","Labour Party","Jon Cruddas",19468,293,43735,,71043,61.6,"Lab",4652,65
"E14000658","Darlington","Con","Conservative and Unionist Party","Peter Gibson",20901,3294,43498,,66395,65.5,"Lab",3280,67.7
"E14000659","Dartford","Con","Conservative and Unionist Party","Gareth Johnson",34006,19160,54022,,,,"Con",13186,69.2
"E14000660","Daventry","Con","Conservative and Unionist Party","Chris Heaton-Harris",37055,26080,57403,,77493,74.1,"Con",21734,74.1
"E14000661","Denton and Reddish","Lab","Labour Party","Andrew Gwynne",19317,6175,38588,,66234,58.3,"Lab",14077,60.3
"E14000662","Derby North","Con","Conservative and Unionist Party","Amanda Solloway",21259,2540,47017,,73212,64.2,"Lab",2015,69.8
"E14000663","Derby South","Lab","Labour Party","Margaret Beckett",21690,6019,42462,,73079,58.1,"Lab",11248,64.9
"E14000664","Derbyshire Dales","Con","Conservative and Unionist Party","Sarah Elizabeth Dines",29356,17381,50016,,65060,76.9,"Con",14327,77.2
"E14000665","Devizes","Con","Conservative and Unionist Party","Danny Kruger",32150,23993,50954,,,,"Con",21136,70.2
"E14000666","Dewsbury","Con","Conservative and Unionist Party","Mark Eastwood",26179,1561,56389,,81253,69.4,"Lab",3321,69.7
"E14000667","Don Valley","Con","Conservative and Unionist Party","Nicholas Fletcher",19609,3630,45437,,75356,60.3,"Lab",5169,62.3
"E14000668","Doncaster Central","Lab","Labour Party","Rosie Winterton",16638,2278,41581,,71387,58.2,"Lab",10131,60.2
"E14000669","Doncaster North","Lab","Labour Party","Ed Miliband",15740,2370,40701,,72363,56.2,"Lab",14024,58.6
"E14000670","Dover","Con","Conservative and Unionist Party","Natalie Elphicke",28830,12278,50701,,76355,66.4,"Con",6437,69.8
"E14000671","Dudley North","Con","Conservative and Unionist Party","Marco Longhi",23134,11533,36684,,,,"Lab",22,62.8
"E14000672","Dudley South","Con","Conservative and Unionist Party","Mike Wood",24835,15565,36576,,,,"Con",7730,62.4
"E14000673","Dulwich and West Norwood","Lab","Labour Party","Helen Hayes",36521,27310,55778,,84675,65.9,"Lab",28156,72.2
"E14000674","Ealing Central and Acton","Lab","Labour Party","Rupa Huq",28132,13300,54807,,75510,72.6,"Lab",13807,74.8
"E14000675","Ealing North","Lab","Labour and Co-operative Party","James Murray",28036,12269,49631,,74473,66.6,"Lab",19693,70.4
"E14000676","Ealing, Southall","Lab","Labour Party","Virendra Sharma",25678,16084,42217,,64580,65.4,"Lab",22090,69.5
"E14000677","Easington","Lab","Labour Party","Grahame Morris",15723,6581,34583,,61182,56.5,"Lab",14892,58.4
"E14000678","East Devon","Con","Conservative and Unionist Party","Simon Jupp",32577,6708,64073,,87133,73.5,"Con",8036,73.4
"E14000679","East Ham","Lab","Labour Party","Stephen Timms",41703,33176,54628,,89369,61.1,"Lab",39883,67.7
"E14000680","East Hampshire","Con","Conservative and Unionist Party","Damian Hinds",33446,19696,56895,,76478,74.4,"Con",25852,74.9
"E14000681","East Surrey","Con","Conservative and Unionist Party","Claire Coutinho",35624,24040,59690,,,,"Con",23914,72.3
"E14000682","East Worthing and Shoreham","Con","Conservative and Unionist Party","Tim Loughton",27104,7441,53155,,75196,70.7,"Con",5106,70.4
"E14000683","East Yorkshire","Con","Conservative and Unionist Party","Greg Knight",33988,22787,55302,,,,"Con",15006,66.7
"E14000684","Eastbourne","Con","Conservative and Unionist Party","Caroline Ansell",26951,4331,55134,,79307,69.5,"LD",1609,73
"E14000685","Eastleigh","Con","Conservative and Unionist Party","Paul Holmes",32690,15607,58971,,83880,70.3,"Con",14179,70.7
"E14000686","Eddisbury","Con","Conservative and Unionist Party","Edward Timpson",30095,18443,52971,,73700,71.9,"Con",11942,73.2
"E14000687","Edmonton","Lab","Labour and Co-operative Party","Kate Osamor",26217,16015,40341,,65568,61.5,"Lab",21115,66.6
"E14000688","Ellesmere Port and Neston","Lab","Labour Party","Justin Madders",26001,8764,48746,,70327,69.3,"Lab",11390,74.3
"E14000689","Elmet and Rothwell","Con","Conservative and Unionist Party","Alec Shelbrooke",33726,17353,58225,,80957,71.9,"Con",9805,74.3
"E14000690","Eltham","Lab","Labour Party","Clive Efford",20550,3197,43689,,64046,68.2,"Lab",6296,71.8
"E14000691","Enfield North","Lab","Labour Party","Feryal Clark",23340,6492,45050,,68066,66.2,"Lab",10247,71.5
"E14000692","Enfield, Southgate","Lab","Labour Party","Bambos Charalambous",22923,4450,47276,,65055,72.7,"Lab",4355,74.4
"E14000693","Epping Forest","Con","Conservative and Unionist Party","Eleanor Laing",32364,22173,50268,,,,"Con",18243,68.1
"E14000694","Epsom and Ewell","Con","Conservative and Unionist Party","Chris Grayling",31819,17873,59451,,,,"Con",20475,74.3
"E14000695","Erewash","Con","Conservative and Unionist Party","Maggie Throup",27560,10606,48880,,,,"Con",4534,68.3
"E14000696","Erith and Thamesmead","Lab","Labour Party","Abena Oppong-Asare",19882,3758,41384,,65399,63.3,"Lab",10014,63.9
"E14000697","Esher and Walton","Con","Conservative and Unionist Party","Dominic Raab",31132,2743,63084,,81184,77.7,"Con",23298,74
"E14000698","Exeter","Lab","Labour Party","Ben Bradshaw",29882,10403,56192,,82047,68.5,"Lab",16117,71.8
"E14000699","Fareham","Con","Conservative and Unionist Party","Suella Braverman",36459,26086,57250,,78624,72.8,"Con",21555,72.5
"E14000700","Faversham and Mid Kent","Con","Conservative and Unionist Party","Helen Whately",31864,21976,50394,,73404,68.7,"Con",17413,69
"E14000701","Feltham and Heston","Lab","Labour and Co-operative Party","Seema Malhotra",24876,7859,47811,,,,"Lab",15603,65
"E14000702","Filton and Bradley Stoke","Con","Conservative and Unionist Party","Jack Lopresti",26293,5646,53752,,74016,72.6,"Con",4190,70.2
"E14000703","Finchley and Golders Green","Con","Conservative and Unionist Party","Mike Freer",24162,6562,55109,,,,"Con",1657,71.7
"E14000704","Folkestone and Hythe","Con","Conservative and Unionist Party","Damian Collins",35483,21337,59005,,88273,66.8,"Con",15411,68.4
"E14000705","Forest of Dean","Con","Conservative and Unionist Party","Mark Harper",30680,15869,51475,,,,"Con",9502,73.1
"E14000706","Fylde","Con","Conservative and Unionist Party","Mark Menzies",28432,16611,46659,,,,"Con",11805,70.7
"E14000707","Gainsborough","Con","Conservative and Unionist Party","Edward Leigh",33893,22967,51046,,76343,66.9,"Con",17023,68
"E14000708","Garston and Halewood","Lab","Labour Party","Maria Eagle",38578,31624,53326,,76116,70.1,"Lab",32149,71.3
"E14000709","Gateshead","Lab","Labour Party","Ian Mearns",20450,7200,38145,,64449,59.2,"Lab",17350,64.7
"E14000710","Gedling","Con","Conservative and Unionist Party","Tom Randall",22718,679,49953,,71366,70,"Lab",4694,72.7
"E14000711","Gillingham and Rainham","Con","Conservative and Unionist Party","Rehman Chishti",28173,15119,45958,,73631,62.4,"Con",9430,67.2
"E14000712","Gloucester","Con","Conservative and Unionist Party","Richard Graham",29159,10277,53764,,81332,66.1,"Con",5520,65.3
"E14000713","Gosport","Con","Conservative and Unionist Party","Caroline Dinenage",32226,23278,48453,,73541,65.9,"Con",17211,66.8
"E14000714","Grantham and Stamford","Con","Conservative and Unionist Party","Gareth Davies",36794,26003,56003,,,,"Con",20094,69.4
"E14000715","Gravesham","Con","Conservative and Unionist Party","Adam Holloway",29580,15581,47560,,73234,64.9,"Con",9347,67.3
"E14000716","Great Grimsby","Con","Conservative and Unionist Party","Lia Nici",18150,7331,33087,,61409,53.9,"Lab",2565,57.6
"E14000717","Great Yarmouth","Con","Conservative and Unionist Party","Brandon Lewis",28593,17663,43462,,71957,60.4,"Con",7973,62.1
"E14000718","Greenwich and Woolwich","Lab","Labour Party","Matthew Pennycook",30185,18464,53120,,79997,66.4,"Lab",20714,69.1
"E14000719","Guildford","Con","Conservative and Unionist Party","Angela Joy Richardson",26375,3395,58709,,77729,75.5,"Con",17040,73.9
"E14000720","Hackney North and Stoke Newington","Lab","Labour Party","Diane Abbott",39972,33188,56864,,92451,61.5,"Lab",35139,66.4
"E14000721","Hackney South and Shoreditch","Lab","Labour and Co-operative Party","Meg Hillier",39884,33985,54439,,89380,60.9,"Lab",37931,66.9
"E14000722","Halesowen and Rowley Regis","Con","Conservative and Unionist Party","James Morris",25607,12074,42345,,,,"Con",5253,64.6
"E14000723","Halifax","Lab","Labour Party","Holly Walker-Lynch",21496,2569,46458,,71904,64.6,"Lab",5376,67.9
"E14000724","Haltemprice and Howden","Con","Conservative and Unionist Party","David Davis",31045,20329,49779,,,,"Con",15405,72.1
"E14000725","Halton","Lab","Labour Party","Derek Twigg",29333,18975,46203,,,,"Lab",25405,67.5
"E14000726","Hammersmith","Lab","Labour Party","Andy Slaughter",30074,17847,51966,,74759,69.5,"Lab",18651,72
"E14000727","Hampstead and Kilburn","Lab","Labour Party","Tulip Siddiq",28080,14188,57385,,82432,69.6,"Lab",15560,70.6
"E14000728","Harborough","Con","Conservative and Unionist Party","Neil O'Brien",31698,17278,57319,,,,"Con",12429,73.2
"E14000729","Harlow","Con","Conservative and Unionist Party","Robert Halfon",27510,14063,43354,,68078,63.7,"Con",7031,66.4
"E14000730","Harrogate and Knaresborough","Con","Conservative and Unionist Party","Andrew Jones",29962,9675,56937,,,,"Con",18168,73.6
"E14000731","Harrow East","Con","Conservative and Unionist Party","Bob Blackman",26935,8170,49491,,,,"Con",1757,71.1
"E14000732","Harrow West","Lab","Labour and Co-operative Party","Gareth Thomas",25132,8692,47922,,,,"Lab",13314,72.3
"E14000733","Hartlepool","Lab","Labour Party","Mike Hill",15464,3595,41037,,70855,57.9,"Lab",7650,59.3
"E14000734","Harwich and North Essex","Con","Conservative and Unionist Party","Bernard Jenkin",31830,20182,51963,,74153,70.1,"Con",14356,71.8
"E14000735","Hastings and Rye","Con","Conservative and Unionist Party","Sally-Ann Hart",26896,4043,54274,,80524,67.4,"Con",346,70.1
"E14000736","Havant","Con","Conservative and Unionist Party","Alan Mak",30051,21792,45959,,72130,63.7,"Con",15956,64
"E14000737","Hayes and Harlington","Lab","Labour Party","John McDonnell",24545,9261,43994,,72356,60.8,"Lab",18115,65.4
"E14000738","Hazel Grove","Con","Conservative and Unionist Party","William Wragg",21592,4423,44269,,,,"Con",5514,70
"E14000739","Hemel Hempstead","Con","Conservative and Unionist Party","Mike Penning",28968,14563,51271,,73737,69.5,"Con",9445,70.5
"E14000740","Hemsworth","Lab","Labour Party","Jon Trickett",16460,1180,43907,,73726,59.6,"Lab",10174,64
"E14000741","Hendon","Con","Conservative and Unionist Party","Matthew Offord",26878,4230,55075,,,,"Con",1072,68.4
"E14000742","Henley","Con","Conservative and Unionist Party","John Howell",32189,14053,58759,,76660,76.6,"Con",22294,76.3
"E14000743","Hereford and South Herefordshire","Con","Conservative and Unionist Party","Jesse Norman",30390,19686,49646,,72085,68.9,"Con",15013,71.1
"E14000744","Hertford and Stortford","Con","Conservative and Unionist Party","Julie Marson",33712,19620,60094,,82407,72.9,"Con",19035,73.1
"E14000745","Hertsmere","Con","Conservative and Unionist Party","Oliver Dowden",32651,21313,52203,,73971,70.6,"Con",16951,71.2
"E14000746","Hexham","Con","Conservative and Unionist Party","Guy Opperman",25152,10549,46150,,,,"Con",9236,75.8
"E14000747","Heywood and Middleton","Con","Conservative and Unionist Party","Chris Clarkson",20453,663,47488,,78916,60.2,"Lab",7617,62.5
"E14000748","High Peak","Con","Conservative and Unionist Party","Robert Largan",24844,590,54173,,,,"Lab",2322,73.7
"E14000749","Hitchin and Harpenden","Con","Conservative and Unionist Party","Bim Afolami",27719,6895,58871,,76321,77.1,"Con",12031,77.6
"E14000750","Holborn and St Pancras","Lab","Labour Party","Keir Starmer",36641,27763,56786,,87236,65.1,"Lab",30509,67.2
"E14000751","Hornchurch and Upminster","Con","Conservative and Unionist Party","Julia Lopez",35495,23308,53974,,80765,66.8,"Con",17723,69.5
"E14000752","Hornsey and Wood Green","Lab","Labour Party","Catherine West",35126,19242,61216,,81814,74.8,"Lab",30738,78.1
"E14000753","Horsham","Con","Conservative and Unionist Party","Jeremy Quin",35900,21127,63242,,,,"Con",23484,75
"E14000754","Houghton and Sunderland South","Lab","Labour Party","Bridget Phillipson",16210,3115,39811,,,,"Lab",12341,61
"E14000755","Hove","Lab","Labour Party","Peter Kyle",32876,17044,56391,,74313,75.9,"Lab",18757,77.7
"E14000756","Huddersfield","Lab","Labour and Co-operative Party","Barry Sheerman",20509,4937,41882,,65525,63.9,"Lab",12005,65.6
"E14000757","Huntingdon","Con","Conservative and Unionist Party","Jonathan Djanogly",32386,19383,59147,,84686,69.8,"Con",14475,71
"E14000758","Hyndburn","Con","Conservative and Unionist Party","Sara Britcliffe",20565,2951,42406,,70910,59.8,"Lab",5815,63.3
"E14000759","Ilford North","Lab","Labour Party","Wes Streeting",25323,5218,50123,,72963,68.7,"Lab",9639,72.7
"E14000760","Ilford South","Lab","Labour Party","Sam Tarry",35085,24101,53477,,84957,62.9,"Lab",31647,67.7
"E14000761","Ipswich","Con","Conservative and Unionist Party","Tom Hunt",24952,5479,49579,,75525,65.6,"Lab",831,67.7
"E14000762","Isle of Wight","Con","Conservative and Unionist Party","Bob Seely",41815,23737,74442,,113021,65.9,"Con",21069,67.4
"E14000763","Islington North","Lab","Labour Party","Jeremy Corbyn",34603,26188,53805,,75162,71.6,"Lab",33215,73.6
"E14000764","Islington South and Finsbury","Lab","Labour Party","Emily Thornberry",26897,17328,47816,,70489,67.8,"Lab",20263,69.3
"E14000765","Jarrow","Lab","Labour Party","Kate Osborne",18363,7120,41350,,65103,63.5,"Lab",17263,66.5
"E14000766","Keighley","Con","Conservative and Unionist Party","Robbie Moore",25298,2218,52604,,72778,72.3,"Lab",239,72.5
"E14000767","Kenilworth and Southam","Con","Conservative and Unionist Party","Jeremy Wright",30351,20353,52597,,68156,77.2,"Con",18076,77.5
"E14000768","Kensington","Con","Conservative and Unionist Party","Felicity Buchan",16768,150,43762,,64609,67.7,"Lab",20,64
"E14000769","Kettering","Con","Conservative and Unionist Party","Philip Hollobone",29787,16765,49361,,,,"Con",10562,69.3
"E14000770","Kingston and Surbiton","LD","Liberal Democrats","Ed Davey",31103,10489,60846,,81975,74.2,"LD",4124,76.3
"E14000771","Kingston upon Hull East","Lab","Labour Party","Karl Turner",12713,1239,32442,,,,"Lab",10396,55.6
"E14000772","Kingston upon Hull North","Lab","Labour Party","Diana Johnson",17033,7593,34203,,,,"Lab",14322,57.5
"E14000773","Kingston upon Hull West and Hessle","Lab","Labour Party","Emma Hardy",13384,2856,31356,,,,"Lab",8025,57.5
"E14000774","Kingswood","Con","Conservative and Unionist Party","Chris Skidmore",27712,11220,49314,,68972,71.5,"Con",7500,70.4
"E14000775","Knowsley","Lab","Labour Party","George Howarth",44374,39942,54938,,84060,65.4,"Lab",42214,67.9
"E14000776","Lancaster and Fleetwood","Lab","Labour Party","Cat Smith",21184,2380,45219,,70059,64.5,"Lab",6661,68.6
"E14000777","Leeds Central","Lab","Labour Party","Hilary Benn",30413,19270,49284,,90971,54.2,"Lab",23698,53.4
"E14000778","Leeds East","Lab","Labour Party","Richard Burgon",19464,5531,39052,,67286,58,"Lab",12752,63
"E14000779","Leeds North East","Lab","Labour Party","Fabian Hamilton",29024,17089,50500,,70580,71.6,"Lab",16991,75.7
"E14000780","Leeds North West","Lab","Labour and Co-operative Party","Alex Sobel",23971,10749,49283,,67741,72.8,"Lab",4224,68.1
"E14000781","Leeds West","Lab","Labour Party","Rachel Reeves",22186,10564,40281,,67727,59.5,"Lab",15965,62.2
"E14000782","Leicester East","Lab","Labour Party","Claudia Webbe",25090,6019,49421,,78432,63,"Lab",22428,67.7
"E14000783","Leicester South","Lab","Labour Party","Jon Ashworth",33606,22675,50147,,77665,64.6,"Lab",26261,67.1
"E14000784","Leicester West","Lab","Labour Party","Liz Kendall",17291,4212,34775,,64918,53.6,"Lab",11060,58
"E14000785","Leigh","Con","Conservative and Unionist Party","James Grundy",21266,1965,46979,,,,"Lab",9554,61.7
"E14000786","Lewes","Con","Conservative and Unionist Party","Maria Caulfield",26268,2457,54851,,71503,76.7,"Con",5508,76.6
"E14000787","Lewisham East","Lab","Labour Party","Janet Daby",26661,17008,44815,,67857,66,"Lab",21213,69.4
"E14000788","Lewisham West and Penge","Lab","Labour Party","Ellie Reeves",31860,21543,52100,,74615,69.8,"Lab",23162,73.2
"E14000789","Lewisham, Deptford","Lab","Labour Party","Vicky Foxcroft",39216,32913,55368,,80617,68.7,"Lab",34899,70.5
"E14000790","Leyton and Wanstead","Lab","Labour Party","John Cryer",28836,20808,44547,,64852,68.7,"Lab",22607,71.1
"E14000791","Lichfield","Con","Conservative and Unionist Party","Michael Fabricant",34844,23638,53993,,76751,70.3,"Con",18581,72.1
"E14000792","Lincoln","Con","Conservative and Unionist Party","Karl McCartney",24267,3514,50629,,74778,67.7,"Lab",1538,66.7
"E14000793","Liverpool, Riverside","Lab","Labour Party","Kim Johnson",41170,37043,52789,,80310,65.7,"Lab",35947,63.1
"E14000794","Liverpool, Walton","Lab","Labour Party","Dan Carden",34538,30520,40786,,62628,65.1,"Lab",32551,67.4
"E14000795","Liverpool, Wavertree","Lab","Labour Party","Paula Barker",31310,27085,43377,,63458,68.4,"Lab",29466,70.1
"E14000796","Liverpool, West Derby","Lab","Labour Party","Ian Byrne",34117,29984,43989,,65640,67,"Lab",32908,69.5
"E14000797","Loughborough","Con","Conservative and Unionist Party","Jane Hunt",27954,7169,54631,,,,"Con",4269,68.2
"E14000798","Louth and Horncastle","Con","Conservative and Unionist Party","Victoria Atkins",38021,28868,52332,,,,"Con",19641,66.9
"E14000799","Ludlow","Con","Conservative and Unionist Party","Philip Dunne",32185,23648,50225,,69442,72.3,"Con",19286,73.7
"E14000800","Luton North","Lab","Labour Party","Sarah Owen",23496,9247,43624,,68185,64,"Lab",14364,70
"E14000801","Luton South","Lab","Labour Party","Rachel Hopkins",21787,8756,42064,,69338,60.7,"Lab",13925,68.8
"E14000802","Macclesfield","Con","Conservative and Unionist Party","David Rutley",28292,10711,53867,,76216,70.7,"Con",8608,72.4
"E14000803","Maidenhead","Con","Conservative and Unionist Party","Theresa May",32620,18846,56492,,,,"Con",26457,76.7
"E14000804","Maidstone and The Weald","Con","Conservative and Unionist Party","Helen Grant",31220,21772,51680,,76110,67.9,"Con",17723,68.8
"E14000805","Makerfield","Lab","Labour Party","Yvonne Fovargue",19954,4740,44259,,,,"Lab",13542,63.3
"E14000806","Maldon","Con","Conservative and Unionist Party","John Whittingdale",36304,30041,50408,,,,"Con",23430,70.4
"E14000807","Manchester Central","Lab","Labour and Co-operative Party","Lucy Powell",36823,29089,52289,,94247,55.5,"Lab",31445,55.3
"E14000808","Manchester, Gorton","Lab","Labour Party","Afzal Khan",34583,30339,44545,,76419,58.3,"Lab",31730,61.2
"E14000809","Manchester, Withington","Lab","Labour Party","Jeff Smith",35902,27905,52995,,76530,69.2,"Lab",29875,72
"E14000810","Mansfield","Con","Conservative and Unionist Party","Ben Bradley",31484,16306,49273,,77131,63.9,"Con",1057,64.6
"E14000811","Meon Valley","Con","Conservative and Unionist Party","Flick Drummond",35271,23555,54829,,,,"Con",25692,73.1
"E14000812","Meriden","Con","Conservative and Unionist Party","Saqib Bhatti",34358,22836,54161,,85371,63.4,"Con",19198,67.2
"E14000813","Mid Bedfordshire","Con","Conservative and Unionist Party","Nadine Dorries",38692,24664,64717,,,,"Con",20983,75.2
"E14000814","Mid Derbyshire","Con","Conservative and Unionist Party","Pauline Latham",29027,15385,49356,,67437,73.2,"Con",11616,74.9
"E14000815","Mid Dorset and North Poole","Con","Conservative and Unionist Party","Michael Tomlinson",29548,14898,48930,,65426,74.8,"Con",15339,74.4
"E14000816","Mid Norfolk","Con","Conservative and Unionist Party","George Freeman",35051,22594,56186,,81992,68.5,"Con",16086,69.7
"E14000817","Mid Sussex","Con","Conservative and Unionist Party","Mims Davies",33455,18197,62762,,85140,73.7,"Con",19673,73.4
"E14000818","Mid Worcestershire","Con","Conservative and Unionist Party","Nigel Huddleston",37426,28018,56123,,78221,71.7,"Con",23326,72.6
"E14000819","Middlesbrough","Lab","Labour Party","Andy McDonald",17202,8390,32140,,60759,52.9,"Lab",13873,58.5
"E14000820","Middlesbrough South and East Cleveland","Con","Conservative and Unionist Party","Simon Clarke",28135,11626,47817,,,,"Con",1020,66
"E14000821","Milton Keynes North","Con","Conservative and Unionist Party","Ben Everitt",30938,6255,62543,,91535,68.3,"Con",1975,71.8
"E14000822","Milton Keynes South","Con","Conservative and Unionist Party","Iain Stewart",32011,6944,64007,,96343,66.4,"Con",1665,70
"E14000823","Mitcham and Morden","Lab","Labour Party","Siobhain McDonagh",27978,16496,45755,,70014,65.4,"Lab",21375,70.2
"E14000824","Mole Valley","Con","Conservative and Unionist Party","Paul Beresford",31656,12041,57110,,,,"Con",24137,76.3
"E14000825","Morecambe and Lunesdale","Con","Conservative and Unionist Party","David Morris",23925,6354,45310,,67397,67.2,"Con",1399,68.4
"E14000826","Morley and Outwood","Con","Conservative and Unionist Party","Andrea Jenkyns",29424,11267,51930,,78803,65.9,"Con",2104,68.7
"E14000827","New Forest East","Con","Conservative and Unionist Party","Julian Lewis",32769,25251,50786,,73579,69,"Con",21995,70.9
"E14000828","New Forest West","Con","Conservative and Unionist Party","Desmond Swayne",32113,24403,50306,,70892,71,"Con",23431,72.3
"E14000829","Newark","Con","Conservative and Unionist Party","Robert Jenrick",34660,21816,54762,,75855,72.2,"Con",18149,73.1
"E14000830","Newbury","Con","Conservative and Unionist Party","Laura Farris",34431,16047,59998,,83414,71.9,"Con",24380,73.6
"E14000831","Newcastle upon Tyne Central","Lab","Labour Party","Chi Onwurah",21568,12278,37474,,57845,64.8,"Lab",14937,67.1
"E14000832","Newcastle upon Tyne East","Lab","Labour Party","Nick Brown",26049,15463,43365,,63796,68,"Lab",19261,67.3
"E14000833","Newcastle upon Tyne North","Lab","Labour Party","Catherine McKinnell",21354,5765,46999,,68486,68.6,"Lab",10349,73.2
"E14000834","Newcastle-under-Lyme","Con","Conservative and Unionist Party","Aaron Bell",23485,7446,44739,,68209,65.6,"Lab",30,67.1
"E14000835","Newton Abbot","Con","Conservative and Unionist Party","Anne Marie Morris",29190,17501,52556,,72533,72.5,"Con",17160,72.2
"E14000836","Normanton, Pontefract and Castleford","Lab","Labour Party","Yvette Cooper",18297,1276,48259,,84527,57.1,"Lab",14499,60.4
"E14000837","North Cornwall","Con","Conservative and Unionist Party","Scott Mann",30671,14752,51678,,69935,73.9,"Con",7200,74.1
"E14000838","North Devon","Con","Conservative and Unionist Party","Selaine Saxby",31479,14813,55581,,75862,73.3,"Con",4332,73.6
"E14000839","North Dorset","Con","Conservative and Unionist Party","Simon Hoare",35705,24301,56107,,75956,73.9,"Con",25777,73.2
"E14000840","North Durham","Lab","Labour Party","Kevan Jones",18639,4742,42195,,66796,63.2,"Lab",12939,64.8
"E14000841","North East Bedfordshire","Con","Conservative and Unionist Party","Richard Fuller",38443,24283,65018,,90679,71.7,"Con",20862,73.5
"E14000842","North East Cambridgeshire","Con","Conservative and Unionist Party","Steve Barclay",38423,29993,52964,,,,"Con",21270,63.2
"E14000843","North East Derbyshire","Con","Conservative and Unionist Party","Lee Rowley",28897,12876,49217,,,,"Con",2860,70
"E14000844","North East Hampshire","Con","Conservative and Unionist Party","Ranil Jayawardena",35280,20211,59270,,,,"Con",27772,77.4
"E14000845","North East Hertfordshire","Con","Conservative and Unionist Party","Oliver Heald",31293,18189,55327,,,,"Con",16835,73.4
"E14000846","North East Somerset","Con","Conservative and Unionist Party","Jacob Rees-Mogg",28360,14729,56308,,73684,76.4,"Con",10235,75.9
"E14000847","North Herefordshire","Con","Conservative and Unionist Party","Bill Wiggin",32158,24856,51033,,70252,72.6,"Con",21602,74.2
"E14000848","North Norfolk","Con","Conservative and Unionist Party","Duncan Charles Baker",29792,14395,50823,,,,"LD",3512,75.5
"E14000849","North Shropshire","Con","Conservative and Unionist Party","Owen Paterson",35444,22949,56513,,83257,67.9,"Con",16355,69.2
"E14000850","North Somerset","Con","Conservative and Unionist Party","Liam Fox",32801,17536,62055,,80194,77.4,"Con",17103,77.1
"E14000851","North Swindon","Con","Conservative and Unionist Party","Justin Tomlinson",32584,16171,55115,,82441,66.9,"Con",8335,68.6
"E14000852","North Thanet","Con","Conservative and Unionist Party","Roger Gale",30066,17189,48178,,72811,66.2,"Con",10738,66.6
"E14000853","North Tyneside","Lab","Labour Party","Mary Glindon",25051,9561,50429,,78902,63.9,"Lab",19284,65.9
"E14000854","North Warwickshire","Con","Conservative and Unionist Party","Craig Tracey",30249,17956,45914,,,,"Con",8510,65.5
"E14000855","North West Cambridgeshire","Con","Conservative and Unionist Party","Shailesh Vara",40307,25983,64533,,94909,68,"Con",18008,68.8
"E14000856","North West Durham","Con","Conservative and Unionist Party","Richard Holden",19990,1144,47663,,72166,66,"Lab",8792,66.7
"E14000857","North West Hampshire","Con","Conservative and Unionist Party","Kit Malthouse",36591,26308,58918,,83083,70.9,"Con",22679,72.3
"E14000858","North West Leicestershire","Con","Conservative and Unionist Party","Andrew Bridgen",33811,20400,53821,,78935,68.2,"Con",13286,71.2
"E14000859","North West Norfolk","Con","Conservative and Unionist Party","James Wild",30627,19922,46602,,72080,64.7,"Con",13788,67.8
"E14000860","North Wiltshire","Con","Conservative and Unionist Party","James Gray",32373,17626,54758,,,,"Con",22877,75.3
"E14000861","Northampton North","Con","Conservative and Unionist Party","Michael Ellis",21031,5507,39539,,58774,67.3,"Con",807,68.7
"E14000862","Northampton South","Con","Conservative and Unionist Party","Andrew Lewer",20914,4697,40835,,62172,65.7,"Con",1159,66.5
"E14000863","Norwich North","Con","Conservative and Unionist Party","Chloe Smith",23397,4738,46285,,67172,68.9,"Con",507,68.7
"E14000864","Norwich South","Lab","Labour Party","Clive Lewis",27766,12760,51673,,77845,66.4,"Lab",15596,69.4
"E14000865","Nottingham East","Lab","Labour Party","Nadia Whittome",25735,17393,40004,,66262,60.4,"Lab",19590,63.9
"E14000866","Nottingham North","Lab","Labour and Co-operative Party","Alex Norris",17337,4490,35320,,66495,53.1,"Lab",11160,57.4
"E14000867","Nottingham South","Lab","Labour Party","Lilian Greenwood",26586,12568,48134,,79485,60.6,"Lab",15162,67.8
"E14000868","Nuneaton","Con","Conservative and Unionist Party","Marcus Jones",27390,13144,45190,,,,"Con",4739,66.7
"E14000869","Old Bexley and Sidcup","Con","Conservative and Unionist Party","James Brokenshire",29786,18952,46145,,66104,69.8,"Con",15466,72.9
"E14000870","Oldham East and Saddleworth","Lab","Labour Party","Debbie Abrahams",20088,1499,46164,,72173,64,"Lab",8182,65.3
"E14000871","Oldham West and Royton","Lab","Labour and Co-operative Party","Jim McMahon",24579,11127,44434,,73063,60.8,"Lab",17198,63.4
"E14000872","Orpington","Con","Conservative and Unionist Party","Gareth Bacon",30882,22378,48721,,68884,70.7,"Con",19461,74.5
"E14000873","Oxford East","Lab","Labour and Co-operative Party","Anneliese Dodds",28135,17832,49359,,77947,63.3,"Lab",23284,68.9
"E14000874","Oxford West and Abingdon","LD","Liberal Democrats","Layla Moran",31340,8943,58824,,76953,76.4,"LD",816,79.6
"E14000875","Pendle","Con","Conservative and Unionist Party","Andrew Stephenson",24076,6186,44460,,65289,68.1,"Con",1279,69.2
"E14000876","Penistone and Stocksbridge","Con","Conservative and Unionist Party","Miriam Joy Cates",23688,7210,49520,,70925,69.8,"Lab",1322,70
"E14000877","Penrith and The Border","Con","Conservative and Unionist Party","Neil Hudson",28875,18519,47824,,67555,70.8,"Con",15910,71.5
"E14000878","Peterborough","Con","Conservative and Unionist Party","Paul Bristow",22334,2580,47914,,72560,66,"Lab",607,66.9
"E14000879","Plymouth, Moor View","Con","Conservative and Unionist Party","Johnny Mercer",26831,12897,44239,,69430,63.7,"Con",5019,65.6
"E14000880","Plymouth, Sutton and Devonport","Lab","Labour and Co-operative Party","Luke Pollard",25461,4757,53176,,77852,68.3,"Lab",6807,67
"E14000881","Poole","Con","Conservative and Unionist Party","Robert Syms",29599,19116,50451,,73992,68.2,"Con",14209,67.7
"E14000882","Poplar and Limehouse","Lab","Labour Party","Apsana Begum",38660,28904,61276,,91760,66.8,"Lab",27712,67.7
"E14000883","Portsmouth North","Con","Conservative and Unionist Party","Penny Mordaunt",28172,15780,45910,,71299,64.4,"Con",9965,66.3
"E14000884","Portsmouth South","Lab","Labour Party","Stephen Morgan",23068,5363,47425,,74186,63.9,"Lab",1554,64
"E14000885","Preston","Lab","Labour and Co-operative Party","Mark Hendrick",20870,12146,33790,,59672,56.6,"Lab",15723,61.7
"E14000886","Pudsey","Con","Conservative and Unionist Party","Stuart Andrew",26453,3517,54215,,73212,74.1,"Con",331,74.5
"E14000887","Putney","Lab","Labour Party","Fleur Anderson",22780,4774,50467,,65542,77,"Con",1554,72.3
"E14000888","Rayleigh and Wickford","Con","Conservative and Unionist Party","Mark Francois",39864,31000,54901,,,,"Con",23450,70.5
"E14000889","Reading East","Lab","Labour Party","Matt Rodda",27102,5924,55918,,77465,72.2,"Lab",3749,73.3
"E14000890","Reading West","Con","Conservative and Unionist Party","Alok Sharma",24393,4117,50392,,74623,67.5,"Con",2876,69.7
"E14000891","Redcar","Con","Conservative and Unionist Party","Jacob Young",18811,3527,40842,,,,"Lab",9485,63.8
"E14000892","Redditch","Con","Conservative and Unionist Party","Rachel Maclean",27907,16036,44067,,,,"Con",7363,70.3
"E14000893","Reigate","Con","Conservative and Unionist Party","Crispin Blunt",28665,18310,53156,,74842,71,"Con",17614,72.3
"E14000894","Ribble Valley","Con","Conservative and Unionist Party","Nigel Evans",33346,18439,55284,,,,"Con",13199,71
"E14000895","Richmond (Yorks)","Con","Conservative and Unionist Party","Rishi Sunak",36693,27210,57703,,82601,69.9,"Con",23108,70.6
"E14000896","Richmond Park","LD","Liberal Democrats","Sarah Olney",34559,7766,65067,,80161,81.2,"Con",45,79.3
"E14000897","Rochdale","Lab","Labour Party","Tony Lloyd",24475,9668,47447,,80168,59.2,"Lab",14819,64.2
"E14000898","Rochester and Strood","Con","Conservative and Unionist Party","Kelly Jane Tolhurst",31151,17072,51926,,82156,63.2,"Con",9850,65.1
"E14000899","Rochford and Southend East","Con","Conservative and Unionist Party","James Duddridge",27063,12286,46136,,75624,61,"Con",5548,64.4
"E14000900","Romford","Con","Conservative and Unionist Party","Andrew Richard Rosindell",30494,17893,47231,,72350,65.3,"Con",13778,68.1
"E14000901","Romsey and Southampton North","Con","Conservative and Unionist Party","Caroline Nokes",27862,10872,51390,,68228,75.3,"Con",18046,74.8
"E14000902","Rossendale and Darwen","Con","Conservative and Unionist Party","Jake Berry",27570,9522,48822,,72771,67.1,"Con",3216,69.4
"E14000903","Rother Valley","Con","Conservative and Unionist Party","Alexander Stafford",21970,6318,48698,,74802,65.1,"Lab",3882,65.9
"E14000904","Rotherham","Lab","Labour Party","Sarah Champion",14736,3121,35651,,61688,57.8,"Lab",11387,60.1
"E14000905","Rugby","Con","Conservative and Unionist Party","Mark Pawsey",29225,13417,50784,,72341,70.2,"Con",8212,71.3
"E14000906","Ruislip, Northwood and Pinner","Con","Conservative and Unionist Party","David Simmonds",29391,16394,52904,,73389,72.1,"Con",13980,72.9
"E14000907","Runnymede and Weybridge","Con","Conservative and Unionist Party","Ben Spencer",29262,18270,53289,,77196,69,"Con",18050,69.1
"E14000908","Rushcliffe","Con","Conservative and Unionist Party","Ruth Edwards",28765,7643,60505,,77116,78.5,"Con",8010,78.2
"E14000909","Rutland and Melton","Con","Conservative and Unionist Party","Alicia Kearns",36507,26924,58310,,,,"Con",23104,73.6
"E14000910","Saffron Walden","Con","Conservative and Unionist Party","Kemi Badenoch",39714,27594,63086,,87117,72.4,"Con",24966,73.6
"E14000911","Salford and Eccles","Lab","Labour Party","Rebecca Long Bailey",28755,16327,50632,,82202,61.6,"Lab",19132,61.1
"E14000912","Salisbury","Con","Conservative and Unionist Party","John Glen",30280,19736,53730,,,,"Con",17333,73.3
"E14000913","Scarborough and Whitby","Con","Conservative and Unionist Party","Robert Goodwill",27593,10270,49724,,74394,66.8,"Con",3435,68.6
"E14000914","Scunthorpe","Con","Conservative and Unionist Party","Holly Mumby-Croft",20306,6451,37750,,61975,60.9,"Lab",3431,65.4
"E14000915","Sedgefield","Con","Conservative and Unionist Party","Paul Howell",19609,4513,41566,,64325,64.6,"Lab",6059,65.2
"E14000916","Sefton Central","Lab","Labour Party","Bill Esterson",29254,15122,50880,,69760,72.9,"Lab",15618,75.6
"E14000917","Selby and Ainsty","Con","Conservative and Unionist Party","Nigel Adams",33995,20137,56418,,,,"Con",13772,74.1
"E14000918","Sevenoaks","Con","Conservative and Unionist Party","Laura Trott",30932,20818,50956,,71777,71,"Con",21917,71.8
"E14000919","Sheffield Central","Lab","Labour Party","Paul Blomfield",33968,27273,50913,,89849,56.7,"Lab",27748,61.9
"E14000920","Sheffield South East","Lab","Labour Party","Clive Betts",19359,4289,41998,,67832,61.9,"Lab",11798,63.4
"E14000921","Sheffield, Brightside and Hillsborough","Lab","Labour Party","Gill Furniss",22369,12274,39600,,69333,57.1,"Lab",19143,59.6
"E14000922","Sheffield, Hallam","Lab","Labour Party","Olivia Frances Blake",19709,712,56885,,72763,78.2,"Lab",2125,77.7
"E14000923","Sheffield, Heeley","Lab","Labour Party","Louise Haigh",21475,8520,42695,,66940,63.8,"Lab",13828,65.1
"E14000924","Sherwood","Con","Conservative and Unionist Party","Mark Spencer",32049,16186,52709,,77948,67.6,"Con",5198,70.2
"E14000925","Shipley","Con","Conservative and Unionist Party","Philip Davies",27437,6242,54004,,74029,72.9,"Con",4681,73.2
"E14000926","Shrewsbury and Atcham","Con","Conservative and Unionist Party","Daniel Kawczynski",31021,11217,59065,,82237,71.8,"Con",6627,73.8
"E14000927","Sittingbourne and Sheppey","Con","Conservative and Unionist Party","Gordon Henderson",34742,24479,51394,,,,"Con",15211,63
"E14000928","Skipton and Ripon","Con","Conservative and Unionist Party","Julian Smith",34919,23694,58724,,78673,74.6,"Con",19985,74.7
"E14000929","Sleaford and North Hykeham","Con","Conservative and Unionist Party","Caroline Johnson",44683,32565,66554,,94761,70.2,"Con",25237,72.5
"E14000930","Slough","Lab","Labour Party","Tan Dhesi",29421,13640,51038,,87632,58.2,"Lab",16998,65.4
"E14000931","Solihull","Con","Conservative and Unionist Party","Julian Knight",32309,21273,55344,,78762,70.3,"Con",20571,73.1
"E14000932","Somerton and Frome","Con","Conservative and Unionist Party","David Warburton",36230,19213,64896,,,,"Con",22906,75.8
"E14000933","South Basildon and East Thurrock","Con","Conservative and Unionist Party","Stephen Metcalfe",29973,19922,45297,,74441,60.8,"Con",11490,64.2
"E14000934","South Cambridgeshire","Con","Conservative and Unionist Party","Anthony Browne",31015,2904,66929,,87288,76.7,"Con",15952,76.3
"E14000935","South Derbyshire","Con","Conservative and Unionist Party","Heather Wheeler",33502,19335,53381,,,,"Con",11970,69.1
"E14000936","South Dorset","Con","Conservative and Unionist Party","Richard Drax",30024,17153,51058,,72924,70,"Con",11695,68.8
"E14000937","South East Cambridgeshire","Con","Conservative and Unionist Party","Lucy Frazer",32187,11490,64385,,86769,74.2,"Con",16158,73.4
"E14000938","South East Cornwall","Con","Conservative and Unionist Party","Sheryll Murray",31807,20971,53655,,71825,74.7,"Con",17443,74.2
"E14000939","South Holland and The Deepings","Con","Conservative and Unionist Party","John Hayes",37338,30838,49179,,75728,64.9,"Con",24897,66
"E14000940","South Leicestershire","Con","Conservative and Unionist Party","Alberto Costa",36791,24004,57469,,,,"Con",18631,71.9
"E14000941","South Norfolk","Con","Conservative and Unionist Party","Richard Bacon",36258,21275,62484,,86214,72.5,"Con",16678,73.8
"E14000942","South Northamptonshire","Con","Conservative and Unionist Party","Andrea Leadsom",41755,27761,66908,,,,"Con",22840,75.9
"E14000943","South Ribble","Con","Conservative and Unionist Party","Katherine Fletcher",30028,11199,53784,,75344,71.4,"Con",7421,72.5
"E14000944","South Shields","Lab","Labour Party","Emma Lewell-Buck",17273,9585,37882,,62793,60.3,"Lab",14508,64.4
"E14000945","South Staffordshire","Con","Conservative and Unionist Party","Gavin Williamson",36520,28250,50005,,,,"Con",22733,69.8
"E14000946","South Suffolk","Con","Conservative and Unionist Party","James Cartlidge",33276,22903,53495,,,,"Con",17749,72
"E14000947","South Swindon","Con","Conservative and Unionist Party","Robert Buckland",26536,6625,50746,,73118,69.4,"Con",2464,71
"E14000948","South Thanet","Con","Conservative and Unionist Party","Craig Mackinlay",27084,10587,48257,,73302,65.8,"Con",6387,68.9
"E14000949","South West Bedfordshire","Con","Conservative and Unionist Party","Andrew Selous",32212,18583,53307,,,,"Con",14168,70
"E14000950","South West Devon","Con","Conservative and Unionist Party","Gary Streeter",33286,21430,53367,,72535,73.6,"Con",15816,74.3
"E14000951","South West Hertfordshire","Con","Conservative and Unionist Party","Gagan Mohindra",30327,14408,61191,,80449,76.1,"Con",19550,75
"E14000952","South West Norfolk","Con","Conservative and Unionist Party","Elizabeth Truss",35507,26195,51466,,78455,65.6,"Con",18312,67.5
"E14000953","South West Surrey","Con","Conservative and Unionist Party","Jeremy Hunt",32191,8817,60340,,,,"Con",21590,77.6
"E14000954","South West Wiltshire","Con","Conservative and Unionist Party","Andrew Murrison",33038,21630,54895,,,,"Con",18326,71.4
"E14000955","Southampton, Itchen","Con","Conservative and Unionist Party","Royston Smith",23952,4498,47421,,79006,60,"Con",31,65.4
"E14000956","Southampton, Test","Lab","Labour Party","Alan Whitehead",22256,6213,44994,,79509,56.6,"Lab",11503,67
"E14000957","Southend West","Con","Conservative and Unionist Party","David Amess",27555,14459,46537,,69043,67.4,"Con",10000,69.9
"E14000958","Southport","Con","Conservative and Unionist Party","Damien Moore",22914,4147,48180,,70837,68,"Con",2914,69.2
"E14000959","Spelthorne","Con","Conservative and Unionist Party","Kwasi Kwarteng",29141,18393,49510,,70929,69.8,"Con",13425,69.1
"E14000960","St Albans","LD","Liberal Democrats","Daisy Cooper",28867,6293,57599,,73721,78.1,"Con",6109,78.5
"E14000961","St Austell and Newquay","Con","Conservative and Unionist Party","Steve Double",31273,16526,55776,,79930,69.8,"Con",11142,69.3
"E14000962","St Helens North","Lab","Labour Party","Conor McGinn",24870,12209,47561,,75593,62.9,"Lab",18406,66.1
"E14000963","St Helens South and Whiston","Lab","Labour Party","Marie Rimmer",29457,19122,50313,,79058,63.6,"Lab",24343,67
"E14000964","St Ives","Con","Conservative and Unionist Party","Derek Thomas",25365,4284,51399,,68795,74.7,"Con",312,76.5
"E14000965","Stafford","Con","Conservative and Unionist Party","Theo Clarke",29992,14377,51149,,72572,70.5,"Con",7729,76
"E14000966","Staffordshire Moorlands","Con","Conservative and Unionist Party","Karen Bradley",28192,16428,43656,,,,"Con",10830,70.7
"E14000967","Stalybridge and Hyde","Lab","Labour and Co-operative Party","Jonathan Reynolds",19025,2946,42368,,73064,58,"Lab",8084,59.6
"E14000968","Stevenage","Con","Conservative and Unionist Party","Stephen McPartland",25328,8562,47683,,,,"Con",3386,69.9
"E14000969","Stockport","Lab","Labour Party","Navendu Mishra",21695,10039,41715,,,,"Lab",14477,64.8
"E14000970","Stockton North","Lab","Labour Party","Alex Cunningham",17728,1027,41156,,66676,61.7,"Lab",8715,64.6
"E14000971","Stockton South","Con","Conservative and Unionist Party","Matt Vickers",27764,5260,54802,,76895,71.3,"Lab",888,71.3
"E14000972","Stoke-on-Trent Central","Con","Conservative and Unionist Party","Jo Gideon",14557,670,32070,,,,"Lab",3897,58.3
"E14000973","Stoke-on-Trent North","Con","Conservative and Unionist Party","Jonathan Edward Gullis",20974,6286,40134,,,,"Lab",2359,58.6
"E14000974","Stoke-on-Trent South","Con","Conservative and Unionist Party","Jack Edgar Brereton",24632,11271,39604,,,,"Con",663,63.3
"E14000975","Stone","Con","Conservative and Unionist Party","Bill Cash",31687,19945,49843,,,,"Con",17495,73.9
"E14000976","Stourbridge","Con","Conservative and Unionist Party","Suzanne Webb",27534,13571,45689,,,,"Con",7654,67.2
"E14000977","Stratford-on-Avon","Con","Conservative and Unionist Party","Nadhim Zahawi",33343,19972,55048,,,,"Con",21958,74
"E14000978","Streatham","Lab","Labour Party","Bell Ribeiro-Addy",30976,17690,56513,,84763,66.7,"Lab",26285,71.1
"E14000979","Stretford and Urmston","Lab","Labour Party","Kate Green",30195,16417,50067,,72386,69.2,"Lab",19705,70
"E14000980","Stroud","Con","Conservative and Unionist Party","Siobhan Baillie",31582,3840,65930,,84536,78,"Lab",687,77.2
"E14000981","Suffolk Coastal","Con","Conservative and Unionist Party","Thrse Coffey",32958,20533,58308,,81910,71.2,"Con",16012,73.5
"E14000982","Sunderland Central","Lab","Labour Party","Julie Elliott",18336,2964,43476,,,,"Lab",9997,62.1
"E14000983","Surrey Heath","Con","Conservative and Unionist Party","Michael Gove",34358,18349,58654,,81349,72.1,"Con",24943,71.9
"E14000984","Sutton and Cheam","Con","Conservative and Unionist Party","Paul Scully",25235,8351,50487,,71760,70.4,"Con",12698,74
"E14000985","Sutton Coldfield","Con","Conservative and Unionist Party","Andrew Mitchell",31604,19272,52325,,75638,69.2,"Con",15339,70.1
"E14000986","Tamworth","Con","Conservative and Unionist Party","Christopher Pincher",30542,19634,46056,,71580,64.3,"Con",12347,66.3
"E14000987","Tatton","Con","Conservative and Unionist Party","Esther McVey",28277,17387,48967,,69018,70.9,"Con",14787,72.5
"E14000988","Taunton Deane","Con","Conservative and Unionist Party","Rebecca Pow",34164,11700,63733,,,,"Con",15887,73.9
"E14000989","Telford","Con","Conservative and Unionist Party","Lucy Allan",25546,10941,42825,,68921,62.1,"Con",720,65.8
"E14000990","Tewkesbury","Con","Conservative and Unionist Party","Laurence Robertson",35728,22410,61140,,83958,72.8,"Con",22574,72.7
"E14000991","The Cotswolds","Con","Conservative and Unionist Party","Geoffrey Robert Clifton-Brown",35484,20214,61176,,,,"Con",25499,74.4
"E14000992","The Wrekin","Con","Conservative and Unionist Party","Mark Pritchard",31029,18726,48890,,70693,69.2,"Con",9564,72.4
"E14000993","Thirsk and Malton","Con","Conservative and Unionist Party","Kevin Hollinrake",35634,25154,56588,,80979,69.9,"Con",19001,71.2
"E14000994","Thornbury and Yate","Con","Conservative and Unionist Party","Luke Hall",30202,12369,52243,,69492,75.2,"Con",12071,74.8
"E14000995","Thurrock","Con","Conservative and Unionist Party","Jackie Doyle-Price",27795,11482,47467,,79798,59.5,"Con",345,64.5
"E14000996","Tiverton and Honiton","Con","Conservative and Unionist Party","Neil Parish",35893,24239,59613,,82953,71.9,"Con",19801,71.8
"E14000997","Tonbridge and Malling","Con","Conservative and Unionist Party","Tom Tugendhat",35784,26941,57003,,77380,73.7,"Con",23508,73.6
"E14000998","Tooting","Lab","Labour Party","Rosena Allin-Khan",30811,14307,58473,,76933,76,"Lab",15458,74.8
"E14000999","Torbay","Con","Conservative and Unionist Party","Kevin Foster",29863,17749,50426,,75054,67.2,"Con",14283,67.5
"E14001000","Torridge and West Devon","Con","Conservative and Unionist Party","Geoffrey Cox",35904,24992,59730,,79831,74.8,"Con",20686,74
"E14001001","Totnes","Con","Conservative and Unionist Party","Anthony Mangnall",27751,12724,52182,,69863,74.7,"Con",13477,73.1
"E14001002","Tottenham","Lab","Labour Party","David Lammy",35621,30175,46856,,75740,61.9,"Lab",34584,67.9
"E14001003","Truro and Falmouth","Con","Conservative and Unionist Party","Cherilyn Mackrory",27237,4561,59190,,76719,77.2,"Con",3792,75.9
"E14001004","Tunbridge Wells","Con","Conservative and Unionist Party","Greg Clark",30119,14645,54650,,74816,73,"Con",16465,72.6
"E14001005","Twickenham","LD","Liberal Democrats","Munira Wilson",36166,14121,64503,,82866,77.8,"LD",9762,79.7
"E14001006","Tynemouth","Lab","Labour Party","Alan Campbell",26928,4857,56034,,77261,72.5,"Lab",11666,73.6
"E14001007","Uxbridge and South Ruislip","Con","Conservative and Unionist Party","Boris Johnson",25351,7210,48187,,70369,68.5,"Con",5034,66.9
"E14001008","Vauxhall","Lab","Labour and Co-operative Party","Florence Eshalomi",31615,19612,56333,,88600,63.6,"Lab",20250,67.3
"E14001009","Wakefield","Con","Conservative and Unionist Party","Imran Nasir Ahmad Khan",21283,3358,45027,,70192,64.1,"Lab",2176,66
"E14001010","Wallasey","Lab","Labour Party","Angela Eagle",29901,18322,46492,,66310,70.1,"Lab",23320,71.8
"E14001011","Walsall North","Con","Conservative and Unionist Party","Eddie Hughes",23334,11965,36556,,67177,54.4,"Con",2601,56.7
"E14001012","Walsall South","Lab","Labour Party","Valerie Vaz",20872,3456,42472,,68024,62.4,"Lab",8892,65.5
"E14001013","Walthamstow","Lab","Labour and Co-operative Party","Stella Creasy",36784,30862,48335,,70268,68.8,"Lab",32017,71.1
"E14001014","Wansbeck","Lab","Labour Party","Ian Lavery",17124,814,40509,,,,"Lab",10435,68.4
"E14001015","Wantage","Con","Conservative and Unionist Party","David Johnston",34085,12653,67173,,90875,73.9,"Con",17380,74.3
"E14001016","Warley","Lab","Labour Party","John Francis Spellar",21901,11511,37239,,62421,59.7,"Lab",16483,63.3
"E14001017","Warrington North","Lab","Labour Party","Charlotte Nichols",20611,1509,46667,,72565,64.3,"Lab",9582,67.6
"E14001018","Warrington South","Con","Conservative and Unionist Party","Andy Carter",28187,2010,61899,,86895,71.2,"Lab",2549,72.5
"E14001019","Warwick and Leamington","Lab","Labour Party","Matt Western",23718,789,54205,,76373,71,"Lab",1206,73
"E14001020","Washington and Sunderland West","Lab","Labour Party","Sharon Hodgson",15941,3723,37513,,,,"Lab",12940,60.4
"E14001021","Watford","Con","Conservative and Unionist Party","Dean Russell",26421,4433,58065,,,,"Con",2092,67.9
"E14001022","Waveney","Con","Conservative and Unionist Party","Peter Aldous",31778,18002,51129,,82791,61.8,"Con",9215,65.3
"E14001023","Wealden","Con","Conservative and Unionist Party","Nus Ghani",37043,25655,60907,,82990,73.4,"Con",23628,74.4
"E14001024","Weaver Vale","Lab","Labour Party","Mike Amesbury",22772,562,50713,,70551,71.9,"Lab",3928,73.5
"E14001025","Wellingborough","Con","Conservative and Unionist Party","Peter Bone",32277,18540,51913,,,,"Con",12460,67.3
"E14001026","Wells","Con","Conservative and Unionist Party","James Heappey",33336,9991,61565,,86522,71.2,"Con",7582,74
"E14001027","Welwyn Hatfield","Con","Conservative and Unionist Party","Grant Shapps",27394,10955,52053,,74892,69.5,"Con",7369,71
"E14001028","Wentworth and Dearne","Lab","Labour Party","John Healey",16742,2165,41557,,74536,55.8,"Lab",14803,59.1
"E14001029","West Bromwich East","Con","Conservative and Unionist Party","Nicola Faye Richards",16804,1593,35975,,62111,57.9,"Lab",7713,61.5
"E14001030","West Bromwich West","Con","Conservative and Unionist Party","Shaun Stephen Bailey",17419,3799,34459,,64576,53.4,"Lab",4460,54.9
"E14001031","West Dorset","Con","Conservative and Unionist Party","Chris Loder",33589,14106,60925,,80963,75.3,"Con",19091,75.6
"E14001032","West Ham","Lab","Labour Party","Lyn Brown",42181,32388,60200,,98871,60.9,"Lab",36754,65.9
"E14001033","West Lancashire","Lab","Labour Party","Rosie Cooper",27458,8336,52663,,,,"Lab",11689,74.4
"E14001034","West Suffolk","Con","Conservative and Unionist Party","Matt Hancock",33842,23194,51437,,,,"Con",17063,67
"E14001035","West Worcestershire","Con","Conservative and Unionist Party","Harriett Mary Morrison Baldwin",34909,24499,57530,,76267,75.4,"Con",21328,76.1
"E14001036","Westminster North","Lab","Labour Party","Karen Buck",23240,10759,42911,,65519,65.5,"Lab",11512,68.1
"E14001037","Westmorland and Lonsdale","LD","Liberal Democrats","Tim Farron",25795,1934,52712,,,,"LD",777,78
"E14001038","Weston-Super-Mare","Con","Conservative and Unionist Party","John Penrose",31983,17121,55614,,82526,67.4,"Con",11544,68.8
"E14001039","Wigan","Lab","Labour Party","Lisa Nandy",21042,6728,45042,,,,"Lab",16027,63.2
"E14001040","Wimbledon","Con","Conservative and Unionist Party","Stephen Hammond",20373,628,53027,,68232,77.7,"Con",5622,77.3
"E14001041","Winchester","Con","Conservative and Unionist Party","Steve Brine",28430,985,58890,,,,"Con",9999,79
"E14001042","Windsor","Con","Conservative and Unionist Party","Adam Afriyie",31501,20079,53882,,,,"Con",22384,73.5
"E14001043","Wirral South","Lab","Labour Party","Alison McGovern",22284,6105,43547,,57280,76,"Lab",8323,78.5
"E14001044","Wirral West","Lab","Labour Party","Margaret Greenwood",20695,3003,42918,,55550,77.3,"Lab",5365,78.6
"E14001045","Witham","Con","Conservative and Unionist Party","Priti Patel",32876,24082,49344,,70402,70.1,"Con",18646,71.5
"E14001046","Witney","Con","Conservative and Unionist Party","Robert Alexander Courts",33856,15177,61305,,,,"Con",21241,73.8
"E14001047","Woking","Con","Conservative and Unionist Party","Jonathan Lord",26396,9767,53937,,,,"Con",16724,72.7
"E14001048","Wokingham","Con","Conservative and Unionist Party","John Redwood",30734,7383,61997,,83953,73.8,"Con",18798,75.7
"E14001049","Wolverhampton North East","Con","Conservative and Unionist Party","Jane Stevenson",17722,4080,34281,,,,"Lab",4587,60.2
"E14001050","Wolverhampton South East","Lab","Labour Party","Pat McFadden",15522,1235,33443,,,,"Lab",8514,60.3
"E14001051","Wolverhampton South West","Con","Conservative and Unionist Party","Stuart Paul Anderson",19864,1661,41136,,,,"Lab",2185,70.8
"E14001052","Worcester","Con","Conservative and Unionist Party","Robin Walker",25856,6758,50898,,73403,69.3,"Con",2508,69.7
"E14001053","Workington","Con","Conservative and Unionist Party","Mark Jenkinson",20488,4176,41599,,61370,67.8,"Lab",3925,69.2
"E14001054","Worsley and Eccles South","Lab","Labour Party","Barbara Keeley",20446,3101,44825,,75219,59.6,"Lab",8379,62.1
"E14001055","Worthing West","Con","Conservative and Unionist Party","Peter Bottomley",30475,14823,54648,,78587,69.5,"Con",12090,70.2
"E14001056","Wycombe","Con","Conservative and Unionist Party","Steve Baker",24766,4214,54756,,78094,70.1,"Con",6578,69.6
"E14001057","Wyre and Preston North","Con","Conservative and Unionist Party","Ben Wallace",31589,16781,52924,,,,"Con",12246,73
"E14001058","Wyre Forest","Con","Conservative and Unionist Party","Mark Garnier",32960,21413,50561,,78079,64.8,"Con",13334,65.9
"E14001059","Wythenshawe and Sale East","Lab","Labour Party","Mike Kane",23855,10396,44759,,76313,58.7,"Lab",14944,60.1
"E14001060","Yeovil","Con","Conservative and Unionist Party","Marcus Fysh",34588,16181,59260,,,,"Con",14723,71.8
"E14001061","York Central","Lab","Labour and Co-operative Party","Rachael Maskell",27312,13545,49505,,74801,66.2,"Lab",18575,68.9
"E14001062","York Outer","Con","Conservative and Unionist Party","Julian Sturdy",27324,9985,55347,,74586,74.2,"Con",8289,75.9
"N06000001","Belfast East","DUP","Democratic Unionist Party - D.U.P.","Gavin Robinson",20874,1819,42445,,66245,64.1,"DUP",8474,67.7
"N06000002","Belfast North","SF","Sinn Fin","John Finucane",23078,1943,49037,,72225,67.9,"DUP",2081,67.5
"N06000003","Belfast South","SDLP","SDLP (Social Democratic & Labour Party)","Claire Hanna",27079,15401,47352,,69984,67.7,"DUP",1996,66.3
"N06000004","Belfast West","SF","Sinn Fin","Paul Maskey",20866,14672,38782,,65644,59.1,"SF",21652,65.4
"N06000005","East Antrim","DUP","Democratic Unionist Party - D.U.P.","Sammy Wilson",16871,6706,37261,,64830,57.5,"DUP",15923,60.8
"N06000006","East Londonderry","DUP","Democratic Unionist Party - D.U.P.","Gregory Campbell",15765,9607,39302,,69246,56.8,"DUP",8842,61.4
"N06000007","Fermanagh and South Tyrone","SF","Sinn Fin","Michelle Gildernew",21986,57,50762,,72848,69.7,"SF",875,76.1
"N06000008","Foyle","SDLP","SDLP (Social Democratic & Labour Party)","Colum Eastwood",26881,17110,47144,,74346,63.4,"SF",169,65.6
"N06000009","Lagan Valley","DUP","Democratic Unionist Party - D.U.P.","Jeffrey M. Donaldson",19586,6499,45405,,75735,60,"DUP",19229,62.2
"N06000010","Mid Ulster","SF","Sinn Fin","Francie Molloy",20473,9537,44620,,70449,63.3,"SF",12890,68.6
"N06000011","Newry and Armagh","SF","Sinn Fin","Mickey Brady",20287,9287,50779,,81226,62.5,"SF",12489,68.9
"N06000012","North Antrim","DUP","Democratic Unionist Party - D.U.P.","Ian Paisley Jr",20860,12721,44051,,77134,57.1,"DUP",20643,64.2
"N06000013","North Down","Alliance","Alliance - Alliance Party of Northern Ireland","Stephen Anthony Farry",18358,2968,40643,,67099,60.6,"Ind",1208,61
"N06000014","South Antrim","DUP","Democratic Unionist Party - D.U.P.","Paul Girvan",15149,2689,42974,,71711,59.9,"DUP",3208,63.4
"N06000015","South Down","SF","Sinn Fin","Chris Hazzard",16137,1620,49762,,79175,62.9,"SF",2446,67.5
"N06000016","Strangford","DUP","Democratic Unionist Party - D.U.P.","Jim Shannon",17705,7071,37485,,66928,56,"DUP",18343,60.4
"N06000017","Upper Bann","DUP","Democratic Unionist Party - D.U.P.","Carla Lockhart",20501,8210,50045,,82887,60.4,"DUP",7992,64.2
"N06000018","West Tyrone","SF","Sinn Fin","rfhlaith Begley",16544,7478,41186,,66259,62.2,"SF",10342,68.2
"S14000001","Aberdeen North","SNP","Scottish National Party (SNP)","Kirsty Blackman",20205,12670,37413,,62489,59.9,"SNP",4139,59.2
"S14000002","Aberdeen South","SNP","Scottish National Party (SNP)","Stephen Flynn",20388,3990,45638,,65719,69.4,"Con",4752,68.6
"S14000003","Airdrie and Shotts","SNP","Scottish National Party (SNP)","Neil Gray",17929,5201,39772,,64008,62.1,"SNP",195,59.3
"S14000004","Angus","SNP","Scottish National Party (SNP)","Dave Doogan",21216,3795,43170,,63952,67.5,"Con",2645,63.1
"S14000005","Argyll and Bute","SNP","Scottish National Party (SNP)","Brendan O'Hara",21040,4110,48050,,66525,72.2,"SNP",1328,71.6
"S14000006","Ayr, Carrick and Cumnock","SNP","Scottish National Party (SNP)","Allan Dorans",20272,2329,46592,,71970,64.7,"Con",2774,65
"S14000007","Banff and Buchan","Con","Conservative and Unionist Party","David Duguid",21182,4118,42260,,66655,63.4,"Con",3693,61.7
"S14000008","Berwickshire, Roxburgh and Selkirk","Con","Conservative and Unionist Party","John Lamont",25747,5148,53146,,74518,71.3,"Con",11060,71.7
"S14000009","Caithness, Sutherland and Easter Ross","LD","Liberal Democrats","Jamie Stone",11705,204,31457,,46930,67,"LD",2044,66
"S14000010","Central Ayrshire","SNP","Scottish National Party (SNP)","Philippa Whitford",21486,5304,46534,,69742,66.7,"SNP",1267,65.5
"S14000011","Coatbridge, Chryston and Bellshill","SNP","Scottish National Party (SNP)","Steven Bonnar",22680,5624,48221,,72943,66.1,"Lab",1586,63.4
"S14000012","Cumbernauld, Kilsyth and Kirkintilloch East","SNP","Scottish National Party (SNP)","Stuart McDonald",24158,12976,45686,,66079,69.1,"SNP",4264,65.9
"S14000013","Dumfries and Galloway","Con","Conservative and Unionist Party","Alister Jack",22678,1805,51429,,74580,69,"Con",5643,69.6
"S14000014","Dumfriesshire, Clydesdale and Tweeddale","Con","Conservative and Unionist Party","David Mundell",22611,3781,49153,,68330,71.9,"Con",9441,72.4
"S14000015","Dundee East","SNP","Scottish National Party (SNP)","Stewart Hosie",24361,13375,45277,,66210,68.4,"SNP",6645,65.3
"S14000016","Dundee West","SNP","Scottish National Party (SNP)","Chris Law",22355,12259,41579,,64431,64.5,"SNP",5262,61.9
"S14000017","Dunfermline and West Fife","SNP","Scottish National Party (SNP)","Douglas Chapman",23727,10699,53482,,76652,69.8,"SNP",844,67.5
"S14000018","East Dunbartonshire","SNP","Scottish National Party (SNP)","Amy Callaghan",19672,149,53031,,66075,80.3,"LD",5339,78.2
"S14000019","East Kilbride, Strathaven and Lesmahagow","SNP","Scottish National Party (SNP)","Lisa Cameron",26113,13322,56337,,81224,69.4,"SNP",3866,67.4
"S14000020","East Lothian","SNP","Scottish National Party (SNP)","Kenny MacAskill",21156,3886,58513,,81600,71.7,"Lab",3083,70.7
"S14000021","East Renfrewshire","SNP","Scottish National Party (SNP)","Kirsten Oswald",24877,5426,55357,,72232,76.6,"Con",4712,76.8
"S14000022","Edinburgh East","SNP","Scottish National Party (SNP)","Tommy Sheppard",23165,10417,47815,,69424,68.9,"SNP",3425,66.2
"S14000023","Edinburgh North and Leith","SNP","Scottish National Party (SNP)","Deidre Brock",25925,12808,59344,,81336,73,"SNP",1625,71.2
"S14000024","Edinburgh South","Lab","Labour Party","Ian Murray",23745,11095,49732,,66188,75.1,"Lab",15514,74.2
"S14000025","Edinburgh South West","SNP","Scottish National Party (SNP)","Joanna Cherry",24830,11982,52131,,73501,70.9,"SNP",1097,69.5
"S14000026","Edinburgh West","LD","Liberal Democrats","Christine Jardine",21766,3769,54533,,72507,75.2,"LD",2988,73.9
"S14000027","Na h-Eileanan an Iar","SNP","Scottish National Party (SNP)","Angus MacNeil",6531,2438,14477,,21106,68.6,"SNP",1007,69.7
"S14000028","Falkirk","SNP","Scottish National Party (SNP)","John McNally",29351,14948,55872,,84472,66.1,"SNP",4923,65.5
"S14000029","Glasgow Central","SNP","Scottish National Party (SNP)","Alison Thewliss",19750,6474,40105,,69230,57.9,"SNP",2267,56.1
"S14000030","Glasgow East","SNP","Scottish National Party (SNP)","David Linden",18357,5566,38483,,67381,57.1,"SNP",75,54.7
"S14000031","Glasgow North","SNP","Scottish National Party (SNP)","Patrick Grady",16982,5601,36191,,57130,63.3,"SNP",1060,62.3
"S14000032","Glasgow North East","SNP","Scottish National Party (SNP)","Anne McLaughlin",15911,2548,33925,,61075,55.5,"Lab",242,53.1
"S14000033","Glasgow North West","SNP","Scottish National Party (SNP)","Carol Monaghan",19678,8359,39735,,63402,62.7,"SNP",2561,61
"S14000034","Glasgow South","SNP","Scottish National Party (SNP)","Stewart McDonald",22829,9005,47443,,70891,66.9,"SNP",2027,64.6
"S14000035","Glasgow South West","SNP","Scottish National Party (SNP)","Chris Stephens",17643,4900,36847,,64575,57.1,"SNP",60,56.3
"S14000036","Glenrothes","SNP","Scottish National Party (SNP)","Peter Grant",21234,11757,41546,,65762,63.2,"SNP",3267,60.9
"S14000037","Gordon","SNP","Scottish National Party (SNP)","Richard Gordon Thomson",23885,819,55916,,79629,70.2,"Con",2607,68.4
"S14000038","Inverclyde","SNP","Scottish National Party (SNP)","Ronnie Cowan",19295,7512,39903,,60622,65.8,"SNP",384,66.5
"S14000039","Inverness, Nairn, Badenoch and Strathspey","SNP","Scottish National Party (SNP)","Drew Hendry",26247,10440,54810,,78057,70.2,"SNP",4924,68.8
"S14000040","Kilmarnock and Loudoun","SNP","Scottish National Party (SNP)","Alan Brown",24216,12659,47631,,74517,63.9,"SNP",6269,63.5
"S14000041","Kirkcaldy and Cowdenbeath","SNP","Scottish National Party (SNP)","Neale Hanvey",16568,1243,47005,,72853,64.5,"Lab",259,63.6
"S14000042","Lanark and Hamilton East","SNP","Scottish National Party (SNP)","Angela Crawley",22243,5187,53072,,77659,68.3,"SNP",266,65.4
"S14000043","Linlithgow and East Falkirk","SNP","Scottish National Party (SNP)","Martyn Day",25551,11266,57775,,87044,66.4,"SNP",2919,65.2
"S14000044","Livingston","SNP","Scottish National Party (SNP)","Hannah Bardell",25617,13435,54592,,82285,66.3,"SNP",3878,64.8
"S14000045","Midlothian","SNP","Scottish National Party (SNP)","Owen Thompson",20033,5705,48221,,70544,68.4,"Lab",885,66.4
"S14000046","Moray","Con","Conservative and Unionist Party","Douglas Ross",22112,513,48825,,71035,68.7,"Con",4159,67.5
"S14000047","Motherwell and Wishaw","SNP","Scottish National Party (SNP)","Marion Fellows",20622,6268,44420,,68856,64.5,"SNP",318,61.5
"S14000048","North Ayrshire and Arran","SNP","Scottish National Party (SNP)","Patricia Gibson",23376,8521,47154,,73534,64.1,"SNP",3633,64.9
"S14000049","North East Fife","LD","Liberal Democrats","Wendy Chamberlain",19763,1316,45878,,60905,75.3,"SNP",2,71.3
"S14000050","Ochil and South Perthshire","SNP","Scottish National Party (SNP)","John Nicolson",26882,4498,57813,,78776,73.4,"Con",3359,70.7
"S14000051","Orkney and Shetland","LD","Liberal Democrats","Alistair Carmichael",10381,2507,23160,,34211,67.7,"LD",4563,68.3
"S14000052","Paisley and Renfrewshire North","SNP","Scottish National Party (SNP)","Gavin Newlands",23353,11902,49682,,72007,69,"SNP",2613,69.2
"S14000053","Paisley and Renfrewshire South","SNP","Scottish National Party (SNP)","Mhairi Black",21637,10679,43084,,64385,66.9,"SNP",2541,68.1
"S14000054","Perth and North Perthshire","SNP","Scottish National Party (SNP)","Pete Wishart",27362,7550,54076,,72600,74.5,"SNP",21,71.9
"S14000055","Ross, Skye and Lochaber","SNP","Scottish National Party (SNP)","Ian Blackford",19263,9443,39869,,54229,73.5,"SNP",5919,71.8
"S14000056","Rutherglen and Hamilton West","SNP","Scottish National Party (SNP)","Margaret Ferrier",23775,5230,53794,,80918,66.5,"Lab",265,63.6
"S14000057","Stirling","SNP","Scottish National Party (SNP)","Alyn Smith",26895,9254,52620,,68473,76.8,"Con",148,74.4
"S14000058","West Aberdeenshire and Kincardine","Con","Conservative and Unionist Party","Andrew Bowie",22752,843,53345,,72640,73.4,"Con",7950,71.3
"S14000059","West Dunbartonshire","SNP","Scottish National Party (SNP)","Martin Docherty",22396,9553,45140,,66517,67.9,"SNP",2288,65.3
"W07000041","Ynys Mn","Con","Conservative and Unionist Party","Virginia Crosbie",12959,1968,36552,,51925,70.4,"Lab",5259,70.7
"W07000042","Delyn","Con","Conservative and Unionist Party","Rob Roberts",16756,865,38370,,,,"Lab",4240,73
"W07000043","Alyn and Deeside","Lab","Labour Party","Mark Tami",18271,213,43008,,,,"Lab",5235,71.2
"W07000044","Wrexham","Con","Conservative and Unionist Party","Sarah Atherton",15199,2131,33532,,49737,67.4,"Lab",1832,70.5
"W07000045","Llanelli","Lab","Labour Party","Nia Griffith",16125,4670,38233,,60513,63.2,"Lab",12024,68
"W07000046","Gower","Lab","Labour Party","Tonia Antoniazzi",20208,1837,44482,,,,"Lab",3269,73.4
"W07000047","Swansea West","Lab","Labour Party","Geraint Davies",18493,8116,35830,,,,"Lab",10598,65.7
"W07000048","Swansea East","Lab","Labour Party","Carolyn Harris",17405,7970,33579,,,,"Lab",13168,60.2
"W07000049","Aberavon","Lab","Labour Party","Stephen Kinnock",17008,10490,31598,,50747,62.3,"Lab",16761,66.8
"W07000050","Cardiff Central","Lab","Labour Party","Jo Stevens",25605,17179,41822,,64037,65.3,"Lab",17196,68.2
"W07000051","Cardiff North","Lab","Labour Party","Anna McMorrin",26064,6982,52666,,68438,77,"Lab",4174,77.5
"W07000052","Rhondda","Lab","Labour Party","Chris Bryant",16115,11440,29642,,,,"Lab",13746,65.3
"W07000053","Torfaen","Lab","Labour Party","Nick Thomas-Symonds",15546,3742,37176,,,,"Lab",10240,62.2
"W07000054","Monmouth","Con","Conservative and Unionist Party","David Davies",26160,9982,50217,,,,"Con",8206,76.7
"W07000055","Newport East","Lab","Labour Party","Jessica Morden",16125,1992,36282,,58554,62,"Lab",8003,64.5
"W07000056","Newport West","Lab","Labour Party","Ruth Jones",18977,902,43433,,66657,65.2,"Lab",5658,67.6
"W07000057","Arfon","PC","Plaid Cymru - The Party of Wales","Hywel Williams",13134,2781,29074,,42215,68.9,"PC",92,68.4
"W07000058","Aberconwy","Con","Conservative and Unionist Party","Robin John Millar",14687,2034,31865,,44699,71.3,"Con",635,71.2
"W07000059","Clwyd West","Con","Conservative and Unionist Party","David Jones",20403,6747,40203,,57714,69.7,"Con",3437,69.9
"W07000060","Vale of Clwyd","Con","Conservative and Unionist Party","James Davies",17270,1827,37213,,56649,65.7,"Lab",2379,68.2
"W07000061","Dwyfor Meirionnydd","PC","Plaid Cymru - The Party of Wales","Liz Saville Roberts",14447,4740,29928,,44362,67.5,"PC",4850,68
"W07000062","Clwyd South","Con","Conservative and Unionist Party","Simon Baynes",16222,1239,36306,,53919,67.3,"Lab",4356,69.9
"W07000063","Montgomeryshire","Con","Conservative and Unionist Party","Craig Williams",20020,12138,34214,,48997,69.8,"Con",9285,68.9
"W07000064","Ceredigion","PC","Plaid Cymru - The Party of Wales","Ben Lake",15208,6329,40105,,56250,71.3,"PC",104,73.4
"W07000065","Preseli Pembrokeshire","Con","Conservative and Unionist Party","Stephen Crabb",21381,5062,42419,,,,"Con",314,72.2
"W07000066","Carmarthen West and South Pembrokeshire","Con","Conservative and Unionist Party","Simon Anthony Hart",22183,7745,42114,,,,"Con",3110,72.2
"W07000067","Carmarthen East and Dinefwr","PC","Plaid Cymru - The Party of Wales","Jonathan Edwards",15939,1809,41002,,57407,71.4,"PC",3908,73.4
"W07000068","Brecon and Radnorshire","Con","Conservative and Unionist Party","Fay Alicia Jones",21958,7131,41319,,55490,74.5,"Con",8038,73.9
"W07000069","Neath","Lab","Labour and Co-operative Party","Christina Rees",15920,5637,36756,,56416,65.2,"Lab",12631,68.7
"W07000070","Cynon Valley","Lab","Labour Party","Beth Winter",15533,8822,30236,,,,"Lab",13238,62.1
"W07000071","Merthyr Tydfil and Rhymney","Lab","Labour Party","Gerald Jones",16913,10606,32246,,,,"Lab",16334,60.6
"W07000072","Blaenau Gwent","Lab","Labour Party","Nick Smith",14862,8647,30219,,50736,59.6,"Lab",11907,63.3
"W07000073","Bridgend","Con","Conservative and Unionist Party","Jamie Hamilton Wallis",18193,1157,42236,,61380,68.8,"Lab",4700,69.6
"W07000074","Ogmore","Lab","Labour Party","Chris Elmore",17602,7805,35390,,56155,63,"Lab",13871,65.3
"W07000075","Pontypridd","Lab","Labour Party","Alex Davies-Jones",17381,5887,39268,,,,"Lab",11448,66
"W07000076","Caerphilly","Lab","Labour Party","Wayne David",18018,6833,40117,,63166,63.5,"Lab",12078,64.3
"W07000077","Islwyn","Lab","Labour and Co-operative Party","Chris Evans",15356,5464,34350,,55423,62,"Lab",11412,64.3
"W07000078","Vale of Glamorgan","Con","Conservative and Unionist Party","Alun Cairns",27305,3562,54807,,76508,71.6,"Con",2190,72.7
"W07000079","Cardiff West","Lab","Labour Party","Kevin Brennan",23908,10986,46177,,68508,67.4,"Lab",12551,70
"W07000080","Cardiff South and Penarth","Lab","Labour and Co-operative Party","Stephen Doughty",27382,12737,50579,,78837,64.2,"Lab",14864,66.5
